config,num_samples,exact_norm_acc,contains_ref_acc,contains_ref_first_sentence_acc,token_f1_mean,token_f1_first_sentence_mean,rougeL_f1_mean,rougeL_f1_first_sentence_mean,bert_score_f1_mean,tfidf_cosine_mean,avg_pred_words,median_pred_words,p95_pred_words,empty_rate,repetition_rate,therefore_phrase_rate,visual_phrase_rate,source_file
B1,200,0.0,0.055,0.055,0.0833785576390606,0.17646645537401134,0.07732414857136226,0.17706262927987368,,0.15822023811172825,68.025,64.0,83.0,0.0,0.0,0.005,0.0,data/preds/preds_B1_0_200.json
B2,200,0.0,0.08,0.035,0.1304860210977277,0.19663935205353508,0.11096038130283438,0.15508588252580344,,0.18856925009923134,69.47,72.0,158.09999999999997,0.0,0.0,0.0,0.02,data/preds/preds_B2_0_200.json
M1,200,0.0,0.035,0.02,0.17551879383477753,0.21675553946184983,0.1398598684142141,0.17634650987190637,,0.15093673270401184,63.775,52.0,181.14999999999995,0.01,0.085,0.0,0.01,data/preds/preds_M1_0_200.json
M2,200,0.0,0.105,0.07,0.06517889060843714,0.2079583066348468,0.06708109437729332,0.19029240658270766,,0.19426152462184873,140.195,94.5,373.0,0.095,0.145,0.43,0.07,data/preds/preds_M2_0_200.json
M3,200,0.0,0.19,0.06,0.0325894321468797,0.18524758428892496,0.03424098651982024,0.22996488062716922,,0.2056050015776723,283.485,314.5,400.15,0.0,0.46,0.85,0.85,data/preds/preds_M3_0_200.json
